-- =======================================================
-- 日常运动系统 - 扩展初始数据
-- 包含：更多用户、帖子、评论、运动记录、收藏和训练计划
-- =======================================================

USE `daily_exercise_db`;

-- --------------------------------------------------------
-- 扩展1：添加更多用户账号
-- --------------------------------------------------------
INSERT INTO user (userPassword, userType) VALUES
('123456', 1),
('123456', 1),
('123456', 1),
('123456', 1),
('123456', 1),
('123456', 1),
('123456', 1),
('123456', 1),
('123456', 1),
('123456', 1),
('123456', 1),
('123456', 1),
('123456', 1),
('123456', 1),
('123456', 1);

-- --------------------------------------------------------
-- 扩展2：添加更多普通用户（用户ID 8-22）
-- --------------------------------------------------------
INSERT INTO ordinary_user (userID, userName, phoneNumber, userMailbox, gender, birthday, registerTime, age, weight) VALUES
(8, '马拉松爱好者', '13800138008', 'marathon@example.com', '男', '1991-04-20 00:00:00', '2026-05-10 10:00:00', 35, 68.0),
(9, '健身新手小白', '13800138009', 'newbie@example.com', '女', '2000-07-15 00:00:00', '2026-05-11 14:00:00', 26, 52.0),
(10, '游泳冠军', '13800138010', 'swimmer@example.com', '男', '1994-12-01 00:00:00', '2026-05-12 09:00:00', 32, 72.0),
(11, '瑜伽达人Lisa', '13800138011', 'lisa@example.com', '女', '1989-06-30 00:00:00', '2026-05-13 11:30:00', 37, 54.0),
(12, '自行车骑士', '13800138012', 'cyclist@example.com', '男', '1996-10-10 00:00:00', '2026-05-14 08:00:00', 30, 75.0),
(13, '广场舞领队', '13800138013', 'square@example.com', '女', '1975-03-25 00:00:00', '2026-05-15 16:00:00', 51, 62.0),
(14, 'CrossFit爱好者', '13800138014', 'crossfit@example.com', '男', '1992-08-18 00:00:00', '2026-05-16 13:00:00', 34, 78.0),
(15, '太极养生', '13800138015', 'taichi@example.com', '男', '1980-11-12 00:00:00', '2026-05-17 07:00:00', 46, 70.0),
(16, '篮球运动员', '13800138016', 'basketball@example.com', '男', '1998-05-08 00:00:00', '2026-05-18 15:00:00', 28, 85.0),
(17, '舞蹈教练', '13800138017', 'dance@example.com', '女', '1993-02-28 00:00:00', '2026-05-19 10:30:00', 33, 56.0),
(18, '登山探险家', '13800138018', 'hiking@example.com', '男', '1985-09-14 00:00:00', '2026-05-20 06:00:00', 41, 73.0),
(19, '减脂日记', '13800138019', 'diet@example.com', '女', '1997-01-22 00:00:00', '2026-05-21 12:00:00', 29, 60.0),
(20, '增肌狂人', '13800138020', 'muscle@example.com', '男', '1991-07-08 00:00:00', '2026-05-22 14:30:00', 35, 82.0),
(21, '网球爱好者', '13800138021', 'tennis@example.com', '女', '1995-04-16 00:00:00', '2026-05-23 09:00:00', 31, 58.0),
(22, '健身打卡王', '13800138022', 'checkinking@example.com', '男', '1994-10-30 00:00:00', '2026-05-24 11:00:00', 32, 76.0);

-- --------------------------------------------------------
-- 扩展4：添加更多训练计划（计划ID 11-30）
-- --------------------------------------------------------
INSERT INTO training_plan (planName, userID, planType, startTime, endTime, sportName, detail, exerciseAmount, percentage) VALUES
('30天减脂挑战', 8, 11, '2026-05-15 00:00:00', '2026-06-14 00:00:00', '减脂运动', '每天30分钟有氧运动，配合力量训练，科学减脂不反弹。包含空腹有氧和HIIT训练。', 30, 60),
('晨跑养成计划', 9, 11, '2026-05-20 00:00:00', '2026-07-20 00:00:00', '减脂运动', '连续60天晨跑，从2公里逐步增加到5公里，培养运动习惯，提升心肺功能。', 30, 20),
('游泳技能提升', 10, 12, '2026-05-10 00:00:00', '2026-07-10 00:00:00', '减脂运动', '每周4次游泳训练，学习四种泳姿，提升游泳速度和耐力。', 60, 40),
('瑜伽进阶计划', 11, 11, '2026-05-18 00:00:00', '2026-08-18 00:00:00', '康复运动', '90天瑜伽进阶，从初级到中级，学习高级体式，提升柔韧性和平衡感。', 45, 35),
('骑行西藏计划', 12, 01, '2026-06-01 00:00:00', '2026-09-01 00:00:00', '其他运动', '准备期训练计划，每天骑行30-60公里，为长途骑行打好基础。', 90, 0),
('广场舞表演计划', 13, 11, '2026-05-25 00:00:00', '2026-06-25 00:00:00', '康复运动', '学习新舞步，备战社区文艺汇演。每天练习2小时，包括基本功和成品舞。', 120, 10),
('CrossFit入门', 14, 11, '2026-05-12 00:00:00', '2026-06-12 00:00:00', '增肌运动', '4周CrossFit入门训练，掌握基础动作，提升整体体能和力量。', 45, 55),
('太极养生计划', 15, 11, '2026-05-15 00:00:00', '2026-07-15 00:00:00', '康复运动', '每天早晚各练太极30分钟，调理身心，增强体质，预防慢性疾病。', 60, 45),
('篮球技术提升', 16, 11, '2026-05-08 00:00:00', '2026-08-08 00:00:00', '其他运动', '技术训练包括投篮、运球、体能，每天2小时，全面提升篮球水平。', 120, 65),
('拉丁舞速成', 17, 11, '2026-05-20 00:00:00', '2026-06-20 00:00:00', '减脂运动', '4周学会拉丁舞基础步伐和套路，塑形又有趣。', 60, 30),
('登山训练计划', 18, 11, '2026-05-10 00:00:00', '2026-08-10 00:00:00', '其他运动', '逐步增加徒步难度和距离，为征服高山做准备。每周一次登山训练。', 180, 50),
('健康减脂餐计划', 19, 10, '2026-05-21 00:00:00', '2026-07-21 00:00:00', '减脂运动', '运动配合饮食，每天记录饮食，控制热量摄入，科学减脂。', 40, 15),
('健身增肌计划', 20, 11, '2026-05-01 00:00:00', '2026-08-01 00:00:00', '增肌运动', '16周系统增肌训练，分为四个阶段，每个阶段4周，专注不同肌群。', 75, 70),
('网球技术训练', 21, 11, '2026-05-22 00:00:00', '2026-07-22 00:00:00', '其他运动', '每周3次网球训练，提升发球、正手、反手和比赛策略。', 90, 8),
('连续打卡100天', 22, 11, '2026-05-01 00:00:00', '2026-08-09 00:00:00', '其他运动', '每天运动至少30分钟，连续打卡100天，培养运动习惯。', 45, 75),
('居家健身计划', 9, 11, '2026-05-18 00:00:00', '2026-06-18 00:00:00', '增肌运动', '无需器械，居家徒手训练，塑造完美身材。包括俯卧撑、深蹲、平板支撑等。', 40, 50),
('周末跑步计划', 8, 12, '2026-05-05 00:00:00', '2026-08-05 00:00:00', '减脂运动', '每周六日进行长跑训练，逐步增加里程，为马拉松做准备。', 60, 35),
('拳击燃脂训练', 14, 11, '2026-05-25 00:00:00', '2026-06-25 00:00:00', '减脂运动', '拳击训练高效燃脂，释放压力，学习防身技能。每周3次。', 50, 25),
('游泳减肥计划', 10, 11, '2026-05-15 00:00:00', '2026-08-15 00:00:00', '减脂运动', '90天游泳减肥，每次40分钟以上，配合合理饮食。', 50, 30),
('瑜伽放松减压', 11, 11, '2026-05-10 00:00:00', '2026-06-10 00:00:00', '康复运动', '每天30分钟瑜伽放松，缓解工作压力，改善睡眠质量。', 30, 60);

-- --------------------------------------------------------
-- 扩展5：添加更多帖子（帖子ID 11-30）
-- --------------------------------------------------------
INSERT INTO post (authorID, title, content, publishTime, auditState) VALUES
(8, '完成首个半程马拉松！', '今天完成了人生第一个半程马拉松！21公里的路程，虽然很累但很有成就感。感谢一路上坚持的自己，也感谢朋友们的鼓励。跑步真的可以改变人生！', '2026-05-24 14:00:00', 1),
(9, '健身新手的第一周感受', '刚开始健身一周，分享一下感受：第一天全身酸痛，第三天开始适应，第五天居然有点期待训练了。教练说要循序渐进，不能急，慢慢来吧！', '2026-05-23 20:00:00', 1),
(10, '游泳对颈椎的好处', '长期伏案工作导致颈椎不好，医生建议游泳。经过三个月的游泳训练，颈椎问题明显改善。游泳时水的浮力减轻了脊柱压力，是很好的康复运动。', '2026-05-23 10:00:00', 1),
(11, '瑜伽改善了我的睡眠', '坚持瑜伽练习三个月，最大的收获是睡眠质量明显提高。以前总是失眠，现在躺下不久就能睡着，而且一觉到天亮。推荐失眠的朋友们试试瑜伽。', '2026-05-22 22:00:00', 1),
(12, '骑行装备分享', '入坑骑行半年，给新手一些装备建议：头盔是必需品，头灯尾灯要配备，水壶架和骑行手套也很实用。衣服不用买太贵的，舒适透气就行。', '2026-05-22 16:00:00', 1),
(13, '广场舞让我重拾快乐', '退休后加入广场舞队伍，每天傍晚和姐妹们一起跳舞，不仅锻炼了身体，还交到了很多朋友。运动真的不分年龄，只要动起来就有收获！', '2026-05-21 19:00:00', 1),
(14, 'CrossFit训练日记Day30', '坚持CrossFit一个月，记录一下变化：体重下降了5斤，深蹲重量从40kg提升到60kg，体能明显增强。最重要的是爱上了这种训练方式！', '2026-05-21 12:00:00', 1),
(15, '太极拳的养生之道', '练习太极拳五年，最大的感受是心态变得平和，身体柔韧性提高。太极讲究动静结合，呼吸配合，是真正的全身运动。建议中老年朋友尝试。', '2026-05-20 08:00:00', 1),
(16, '篮球防守技巧分享', '分享几个实用的篮球防守技巧：保持低重心，眼睛看对手胸部位置，双脚保持移动，手不要轻易伸出。好的防守比进攻更重要！', '2026-05-20 14:00:00', 1),
(17, '拉丁舞减肥效果惊人', '学习拉丁舞三个月，瘦了15斤！拉丁舞节奏感强，燃脂效果好，而且舞步有趣不会觉得枯燥。强烈推荐想减肥又怕无聊的朋友！', '2026-05-19 20:00:00', 1),
(18, '登山装备清单分享', '整理了一份登山装备清单：背包、登山鞋、冲锋衣、头灯、登山杖、护膝、急救包、水袋、能量棒等。新手可以根据路线难度适当增减。', '2026-05-19 07:00:00', 1),
(19, '减脂期如何控制食欲', '减脂期间总是饿怎么办？我的经验是：多喝水，喝茶，转移注意力。实在饿了就吃黄瓜和番茄，热量低又管饱。记住不要过度节食，会反弹！', '2026-05-18 18:00:00', 1),
(20, '增肌期饮食全攻略', '增肌期饮食很关键，分享我的每日食谱：早餐5个鸡蛋+燕麦，午餐200g鸡胸+米饭+蔬菜，下午训练后喝蛋白粉，晚餐牛肉+土豆+蔬菜，睡前再喝一杯牛奶。', '2026-05-18 12:00:00', 1),
(21, '网球发球技巧详解', '网球发球是唯一可以完全自己控制的击球动作。发球技巧包括：抛球位置、身体后仰角度、击球点和随挥动作。关键是多练习，找到适合自己的节奏。', '2026-05-17 15:00:00', 1),
(22, '连续打卡50天心得', '连续打卡50天，分享几点心得：1.制定合理目标 2.找到喜欢的运动 3.找伙伴互相监督 4.不要过于严格，允许偶尔休息。最重要的是坚持！', '2026-05-17 10:00:00', 1),
(1, '运动前热身的重要性', '很多人忽视热身运动，这是受伤的主要原因。热身可以提高肌肉温度，增加关节活动度。建议热身10-15分钟，从轻度有氧开始，然后动态拉伸。', '2026-05-16 14:00:00', 1),
(2, '如何选择运动内衣', '运动内衣对女性很重要，要选择支撑性好、透气舒适的款式。不同运动强度需要不同支撑等级：瑜伽选低强度，跑步选高强度，网球的支撑要求居中。', '2026-05-16 09:00:00', 1),
(3, '跑步常见伤病预防', '跑步常见伤病包括跑步膝、足底筋膜炎、小腿疲劳。这些伤病主要是因为跑姿不正确、跑量过大、力量不足。预防方法：加强腿部力量、循序渐进、选对跑鞋。', '2026-05-15 11:00:00', 1),
(4, '健康早餐食谱分享', '分享一周健康早餐：周一鸡蛋三明治，周二燕麦水果碗，周三全麦煎饼配蔬菜，周四酸奶坚果杯，周五鸡胸肉蔬菜沙拉。早餐要营养均衡，为一天提供能量。', '2026-05-14 07:00:00', 1),
(5, '瑜伽常见误区纠正', '瑜伽新手常犯的错误：追求高难度体式、忽视呼吸、练习过度。瑜伽强调的是身心连接，不是追求姿势。应该根据自己的身体状况选择适合的练习。', '2026-05-13 16:00:00', 1);

-- --------------------------------------------------------
-- 扩展6：添加更多评论（评论ID 17-60）
-- --------------------------------------------------------
INSERT INTO comment (postID, userID, content, publishTime) VALUES
(11, 9, '太厉害了！半马需要多大的跑量基础才能完成？', '2026-05-24 14:30:00'),
(11, 10, '我也是跑步爱好者，向你学习！', '2026-05-24 15:00:00'),
(11, 3, '恭喜！跑步真的能改变人生', '2026-05-24 15:30:00'),
(12, 8, '我也是新手，一起加油！前三天确实最难熬', '2026-05-23 21:00:00'),
(12, 1, '循序渐进是对的，不要一开始就太猛', '2026-05-23 21:30:00'),
(13, 11, '游泳确实对颈椎很好，我也深有体会', '2026-05-23 11:00:00'),
(13, 2, '请问每天游多久呢？', '2026-05-23 11:30:00'),
(13, 10, '蛙泳还是自由泳？', '2026-05-23 12:00:00'),
(14, 5, '瑜伽真的很好，我也在坚持', '2026-05-22 23:00:00'),
(14, 11, '感谢分享，能推荐几个助眠的体式吗？', '2026-05-22 23:30:00'),
(15, 12, '骑行新手想问入门需要买什么价位的车？', '2026-05-22 17:00:00'),
(15, 8, '入门建议2000-3000的整车，后期再升级', '2026-05-22 17:30:00'),
(16, 13, '跳广场舞确实很开心，姐妹们在一起很热闹', '2026-05-21 20:00:00'),
(16, 2, '请问一般在哪里跳？公园吗？', '2026-05-21 20:30:00'),
(17, 14, 'CrossFit看起来好燃脂，我也想试试', '2026-05-21 13:00:00'),
(17, 6, '一个月能瘦5斤效果不错，请问怎么安排训练？', '2026-05-21 13:30:00'),
(18, 15, '太极拳真的很养心，练久了心态会很平和', '2026-05-20 09:00:00'),
(18, 4, '老年人练太极会不会太难？', '2026-05-20 09:30:00'),
(18, 15, '不难的，可以从简单的24式开始', '2026-05-20 10:00:00'),
(19, 16, '篮球防守确实很重要，谢谢分享技巧', '2026-05-20 15:00:00'),
(19, 3, '学会防守才能打好球，很有道理', '2026-05-20 15:30:00'),
(20, 17, '拉丁舞真的很好玩，又能运动又能学舞', '2026-05-19 21:00:00'),
(20, 2, '哪里可以学拉丁舞？有推荐的课程吗？', '2026-05-19 21:30:00'),
(21, 18, '登山探险听起来很刺激，有入门路线推荐吗？', '2026-05-19 08:00:00'),
(21, 13, '建议从周边的丘陵开始，不要一上来就挑战高山', '2026-05-19 08:30:00'),
(22, 19, '控制食欲真的好难，感谢分享经验', '2026-05-18 19:00:00'),
(22, 9, '黄瓜番茄确实管用，饿了就吃它们', '2026-05-18 19:30:00'),
(23, 20, '增肌期的饮食真的很讲究，学习了', '2026-05-18 13:00:00'),
(23, 6, '蛋白粉一般什么时候喝效果最好？', '2026-05-18 13:30:00'),
(23, 20, '训练后30分钟内是黄金时间，建议这时候喝', '2026-05-18 14:00:00'),
(24, 21, '网球发球一直是我的弱项，学习了', '2026-05-17 16:00:00'),
(24, 16, '多练习就能找到感觉，我也是这么过来的', '2026-05-17 16:30:00'),
(25, 22, '打卡100天的计划很棒，一起加油！', '2026-05-17 11:00:00'),
(25, 8, '我已经打卡50天了，继续坚持', '2026-05-17 11:30:00'),
(26, 9, '热身真的很重要，我之前就是因为没热身受伤了', '2026-05-16 15:00:00'),
(26, 1, '动态拉伸比静态拉伸更适合热身', '2026-05-16 15:30:00'),
(27, 11, '运动内衣的选择真的很重要，感谢提醒', '2026-05-16 10:00:00'),
(27, 5, '高强度运动一定要选好的支撑内衣', '2026-05-16 10:30:00'),
(28, 10, '跑步膝确实困扰很多跑者，预防很重要', '2026-05-15 12:00:00'),
(28, 3, '选对跑鞋真的很重要，要根据自己的脚型选', '2026-05-15 12:30:00'),
(29, 4, '健康早餐确实很重要，我也每天早起做早餐', '2026-05-14 08:00:00'),
(29, 19, '全麦煎饼很好吃，可以分享做法吗？', '2026-05-14 08:30:00'),
(30, 8, '瑜伽确实不能急，要慢慢来感受身体的变化', '2026-05-13 17:00:00'),
(30, 11, '初学者应该从哪里开始学起呢？', '2026-05-13 17:30:00'),
(10, 1, '俯卧撑确实是很好的上肢训练动作', '2026-05-19 15:30:00'),
(10, 6, '新手建议从跪姿俯卧撑开始', '2026-05-19 16:00:00'),
(7, 2, '跑步膝怎么预防啊？', '2026-05-16 12:30:00'),
(7, 3, '加强股四头肌训练，注意跑姿', '2026-05-16 13:00:00');

-- --------------------------------------------------------
-- 扩展7：添加更多运动记录（覆盖更多日期和用户）
-- --------------------------------------------------------
INSERT INTO exercise_record (userID, sportsDate, eventID, startTime, endTime, exerciseDuration, exerciseAmount, calorie, recordType) VALUES
-- 用户8的运动记录
(8, '2026-05-24', 11, '2026-05-24 06:00:00', '2026-05-24 07:00:00', 60, 15.0, 700.0, 1),
(8, '2026-05-23', 11, '2026-05-23 06:00:00', '2026-05-23 06:30:00', 30, 8.0, 400.0, 1),
(8, '2026-05-22', 11, '2026-05-22 06:00:00', '2026-05-22 06:45:00', 45, 10.0, 550.0, 1),
(8, '2026-05-21', 11, '2026-05-21 06:00:00', '2026-05-21 07:00:00', 60, 15.0, 700.0, 1),
(8, '2026-05-20', 11, '2026-05-20 06:30:00', '2026-05-20 07:15:00', 45, 10.0, 550.0, 1),
-- 用户9的运动记录
(9, '2026-05-24', 11, '2026-05-24 07:00:00', '2026-05-24 07:30:00', 30, 5.0, 350.0, 1),
(9, '2026-05-23', 11, '2026-05-23 07:00:00', '2026-05-23 07:30:00', 30, 5.0, 350.0, 1),
(9, '2026-05-22', 13, '2026-05-22 19:00:00', '2026-05-22 19:40:00', 40, 40.0, 600.0, 1),
(9, '2026-05-21', 11, '2026-05-21 07:00:00', '2026-05-21 07:25:00', 25, 4.0, 300.0, 1),
-- 用户10的运动记录
(10, '2026-05-24', 12, '2026-05-24 07:00:00', '2026-05-24 08:00:00', 60, 60.0, 420.0, 1),
(10, '2026-05-23', 12, '2026-05-23 07:00:00', '2026-05-23 07:40:00', 40, 40.0, 280.0, 1),
(10, '2026-05-22', 12, '2026-05-22 07:00:00', '2026-05-22 08:00:00', 60, 60.0, 420.0, 1),
(10, '2026-05-21', 12, '2026-05-21 07:00:00', '2026-05-21 07:50:00', 50, 50.0, 350.0, 1),
-- 用户11的运动记录
(11, '2026-05-24', 12, '2026-05-24 06:00:00', '2026-05-24 06:45:00', 45, 45.0, 225.0, 1),
(11, '2026-05-23', 12, '2026-05-23 06:00:00', '2026-05-24 06:30:00', 30, 30.0, 150.0, 1),
(11, '2026-05-22', 12, '2026-05-22 06:00:00', '2026-05-22 06:45:00', 45, 45.0, 225.0, 1),
(11, '2026-05-21', 12, '2026-05-21 06:30:00', '2026-05-21 07:15:00', 45, 45.0, 225.0, 1),
-- 用户12的运动记录
(12, '2026-05-24', 14, '2026-05-24 06:00:00', '2026-05-24 08:00:00', 120, 30.0, 950.0, 1),
(12, '2026-05-23', 14, '2026-05-23 06:00:00', '2026-05-23 07:30:00', 90, 25.0, 720.0, 1),
(12, '2026-05-22', 14, '2026-05-22 06:00:00', '2026-05-22 08:00:00', 120, 30.0, 950.0, 1),
-- 用户13的运动记录
(13, '2026-05-24', 28, '2026-05-24 18:00:00', '2026-05-24 20:00:00', 120, 120.0, 360.0, 1),
(13, '2026-05-23', 28, '2026-05-23 18:00:00', '2026-05-23 20:00:00', 120, 120.0, 360.0, 1),
(13, '2026-05-22', 28, '2026-05-22 18:00:00', '2026-05-22 19:30:00', 90, 90.0, 270.0, 1),
-- 用户14的运动记录
(14, '2026-05-24', 22, '2026-05-24 19:00:00', '2026-05-24 20:00:00', 60, 60.0, 900.0, 1),
(14, '2026-05-23', 22, '2026-05-23 19:00:00', '2026-05-23 20:00:00', 60, 60.0, 900.0, 1),
(14, '2026-05-22', 22, '2026-05-22 19:00:00', '2026-05-22 20:00:00', 60, 60.0, 900.0, 1),
(14, '2026-05-21', 11, '2026-05-21 19:00:00', '2026-05-21 19:30:00', 30, 8.0, 400.0, 1),
-- 用户15的运动记录
(15, '2026-05-24', 29, '2026-05-24 06:00:00', '2026-05-24 06:30:00', 30, 30.0, 105.0, 1),
(15, '2026-05-24', 29, '2026-05-24 18:00:00', '2026-05-24 18:30:00', 30, 30.0, 105.0, 1),
(15, '2026-05-23', 29, '2026-05-23 06:00:00', '2026-05-23 06:30:00', 30, 30.0, 105.0, 1),
(15, '2026-05-23', 29, '2026-05-23 18:00:00', '2026-05-23 18:30:00', 30, 30.0, 105.0, 1),
-- 用户16的运动记录
(16, '2026-05-24', 25, '2026-05-24 15:00:00', '2026-05-24 17:00:00', 120, 120.0, 1020.0, 1),
(16, '2026-05-23', 25, '2026-05-23 15:00:00', '2026-05-23 17:00:00', 120, 120.0, 1020.0, 1),
(16, '2026-05-22', 11, '2026-05-22 06:00:00', '2026-05-22 07:00:00', 60, 15.0, 700.0, 1),
-- 用户17的运动记录
(17, '2026-05-24', 23, '2026-05-24 19:00:00', '2026-05-24 20:30:00', 90, 90.0, 675.0, 1),
(17, '2026-05-23', 23, '2026-05-23 19:00:00', '2026-05-23 20:00:00', 60, 60.0, 450.0, 1),
(17, '2026-05-22', 23, '2026-05-22 19:00:00', '2026-05-22 20:30:00', 90, 90.0, 675.0, 1),
-- 用户18的运动记录
(18, '2026-05-24', 27, '2026-05-24 06:00:00', '2026-05-24 09:00:00', 180, 8.0, 1710.0, 1),
(18, '2026-05-22', 27, '2026-05-22 06:00:00', '2026-05-22 08:00:00', 120, 6.0, 1140.0, 1),
(18, '2026-05-20', 27, '2026-05-20 06:00:00', '2026-05-20 10:00:00', 240, 10.0, 2280.0, 1),
-- 用户19的运动记录
(19, '2026-05-24', 11, '2026-05-24 07:00:00', '2026-05-24 07:40:00', 40, 10.0, 500.0, 1),
(19, '2026-05-23', 22, '2026-05-23 19:00:00', '2026-05-23 19:30:00', 30, 30.0, 450.0, 1),
(19, '2026-05-22', 11, '2026-05-22 07:00:00', '2026-05-22 07:35:00', 35, 8.0, 450.0, 1),
(19, '2026-05-21', 23, '2026-05-21 19:00:00', '2026-05-21 19:30:00', 30, 30.0, 450.0, 1),
-- 用户20的运动记录
(20, '2026-05-24', 20, '2026-05-24 18:00:00', '2026-05-24 19:30:00', 90, 90.0, 525.0, 1),
(20, '2026-05-23', 20, '2026-05-23 18:00:00', '2026-05-23 19:00:00', 60, 60.0, 350.0, 1),
(20, '2026-05-22', 20, '2026-05-22 18:00:00', '2026-05-22 19:30:00', 90, 90.0, 525.0, 1),
(20, '2026-05-21', 20, '2026-05-21 18:00:00', '2026-05-21 19:00:00', 60, 60.0, 350.0, 1),
(20, '2026-05-20', 20, '2026-05-20 18:00:00', '2026-05-20 19:00:00', 60, 60.0, 350.0, 1),
-- 用户21的运动记录
(21, '2026-05-24', 24, '2026-05-24 15:00:00', '2026-05-24 17:00:00', 120, 120.0, 840.0, 1),
(21, '2026-05-22', 24, '2026-05-22 15:00:00', '2026-05-22 16:30:00', 90, 90.0, 630.0, 1),
(21, '2026-05-20', 24, '2026-05-20 15:00:00', '2026-05-20 17:00:00', 120, 120.0, 840.0, 1),
-- 用户22的运动记录
(22, '2026-05-24', 11, '2026-05-24 06:00:00', '2026-05-24 06:45:00', 45, 10.0, 550.0, 1),
(22, '2026-05-23', 13, '2026-05-23 19:00:00', '2026-05-23 19:45:00', 45, 45.0, 675.0, 1),
(22, '2026-05-22', 11, '2026-05-22 06:00:00', '2026-05-22 06:40:00', 40, 8.0, 480.0, 1),
(22, '2026-05-21', 20, '2026-05-21 18:00:00', '2026-05-21 19:00:00', 60, 60.0, 350.0, 1),
(22, '2026-05-20', 11, '2026-05-20 06:00:00', '2026-05-20 06:50:00', 50, 12.0, 600.0, 1),
-- 补充更多日期的运动记录（5月中旬）
(1, '2026-05-24', 11, '2026-05-24 06:00:00', '2026-05-24 06:45:00', 45, 10.0, 550.0, 1),
(1, '2026-05-24', 13, '2026-05-24 19:00:00', '2026-05-24 19:40:00', 40, 40.0, 600.0, 1),
(2, '2026-05-24', 12, '2026-05-24 07:00:00', '2026-05-24 07:30:00', 30, 30.0, 90.0, 1),
(3, '2026-05-24', 11, '2026-05-24 05:30:00', '2026-05-24 06:30:00', 60, 15.0, 700.0, 1),
(4, '2026-05-24', 11, '2026-05-24 07:00:00', '2026-05-24 07:40:00', 40, 8.0, 480.0, 1),
(5, '2026-05-24', 12, '2026-05-24 06:30:00', '2026-05-24 07:15:00', 45, 45.0, 225.0, 1),
(6, '2026-05-24', 20, '2026-05-24 18:00:00', '2026-05-24 19:00:00', 60, 60.0, 350.0, 1);

-- --------------------------------------------------------
-- 扩展8：添加更多收藏数据
-- --------------------------------------------------------
INSERT INTO favorite (userID, targetID, targetType, linkUrl, favoriteTime) VALUES
-- 用户8收藏的帖子
(8, 11, 2, 'pages/post/DisplayPost.html?id=11', '2026-05-24 14:30:00'),
(8, 3, 2, 'pages/post/DisplayPost.html?id=3', '2026-05-23 10:00:00'),
(8, 7, 2, 'pages/post/DisplayPost.html?id=7', '2026-05-22 08:00:00'),
(8, 28, 2, 'pages/post/DisplayPost.html?id=28', '2026-05-21 15:00:00'),
(8, 25, 2, 'pages/post/DisplayPost.html?id=25', '2026-05-20 12:00:00'),
-- 用户9收藏的帖子
(9, 12, 2, 'pages/post/DisplayPost.html?id=12', '2026-05-23 21:30:00'),
(9, 22, 2, 'pages/post/DisplayPost.html?id=22', '2026-05-22 10:00:00'),
(9, 29, 2, 'pages/post/DisplayPost.html?id=29', '2026-05-21 08:30:00'),
-- 用户10收藏的帖子
(10, 13, 2, 'pages/post/DisplayPost.html?id=13', '2026-05-23 11:00:00'),
(10, 10, 2, 'pages/post/DisplayPost.html?id=10', '2026-05-22 12:00:00'),
(10, 21, 2, 'pages/post/DisplayPost.html?id=21', '2026-05-21 09:00:00'),
-- 用户11收藏的帖子
(11, 14, 2, 'pages/post/DisplayPost.html?id=14', '2026-05-23 08:00:00'),
(11, 30, 2, 'pages/post/DisplayPost.html?id=30', '2026-05-22 17:00:00'),
(11, 5, 2, 'pages/post/DisplayPost.html?id=5', '2026-05-21 12:00:00'),
-- 用户12收藏的帖子
(12, 15, 2, 'pages/post/DisplayPost.html?id=15', '2026-05-22 17:30:00'),
(12, 21, 2, 'pages/post/DisplayPost.html?id=21', '2026-05-21 07:30:00'),
-- 用户13收藏的帖子
(13, 16, 2, 'pages/post/DisplayPost.html?id=16', '2026-05-21 20:30:00'),
(13, 4, 2, 'pages/post/DisplayPost.html?id=4', '2026-05-20 15:00:00'),
-- 用户14收藏的帖子
(14, 17, 2, 'pages/post/DisplayPost.html?id=17', '2026-05-21 13:30:00'),
(14, 6, 2, 'pages/post/DisplayPost.html?id=6', '2026-05-20 10:00:00'),
(14, 23, 2, 'pages/post/DisplayPost.html?id=23', '2026-05-19 14:00:00'),
-- 用户15收藏的帖子
(15, 18, 2, 'pages/post/DisplayPost.html?id=18', '2026-05-20 09:30:00'),
(15, 8, 2, 'pages/post/DisplayPost.html?id=8', '2026-05-19 12:00:00'),
-- 用户16收藏的帖子
(16, 19, 2, 'pages/post/DisplayPost.html?id=19', '2026-05-20 15:30:00'),
(16, 7, 2, 'pages/post/DisplayPost.html?id=7', '2026-05-19 11:00:00'),
-- 用户17收藏的帖子
(17, 20, 2, 'pages/post/DisplayPost.html?id=20', '2026-05-19 21:30:00'),
(17, 9, 2, 'pages/post/DisplayPost.html?id=9', '2026-05-18 16:00:00'),
-- 用户18收藏的帖子
(18, 21, 2, 'pages/post/DisplayPost.html?id=21', '2026-05-19 07:30:00'),
(18, 7, 2, 'pages/post/DisplayPost.html?id=7', '2026-05-18 14:00:00'),
-- 用户19收藏的帖子
(19, 22, 2, 'pages/post/DisplayPost.html?id=22', '2026-05-18 19:30:00'),
(19, 4, 2, 'pages/post/DisplayPost.html?id=4', '2026-05-17 14:00:00'),
-- 用户20收藏的帖子
(20, 23, 2, 'pages/post/DisplayPost.html?id=23', '2026-05-18 13:30:00'),
(20, 6, 2, 'pages/post/DisplayPost.html?id=6', '2026-05-17 12:00:00'),
-- 用户21收藏的帖子
(21, 24, 2, 'pages/post/DisplayPost.html?id=24', '2026-05-17 16:30:00'),
(21, 2, 2, 'pages/post/DisplayPost.html?id=2', '2026-05-16 10:00:00'),
-- 用户22收藏的帖子
(22, 25, 2, 'pages/post/DisplayPost.html?id=25', '2026-05-17 11:30:00'),
(22, 3, 2, 'pages/post/DisplayPost.html?id=3', '2026-05-16 15:00:00'),
(22, 11, 2, 'pages/post/DisplayPost.html?id=11', '2026-05-15 09:00:00'),
-- 用户收藏的训练计划
(1, 11, 1, 'pages/plan/PlanInfo.html?id=11', '2026-05-24 08:00:00'),
(1, 15, 1, 'pages/plan/PlanInfo.html?id=15', '2026-05-23 14:00:00'),
(2, 13, 1, 'pages/plan/PlanInfo.html?id=13', '2026-05-24 09:00:00'),
(3, 12, 1, 'pages/plan/PlanInfo.html?id=12', '2026-05-23 08:30:00'),
(3, 16, 1, 'pages/plan/PlanInfo.html?id=16', '2026-05-22 10:00:00'),
(4, 14, 1, 'pages/plan/PlanInfo.html?id=14', '2026-05-23 15:00:00'),
(5, 17, 1, 'pages/plan/PlanInfo.html?id=17', '2026-05-22 12:00:00'),
(6, 18, 1, 'pages/plan/PlanInfo.html?id=18', '2026-05-21 16:00:00'),
(7, 19, 1, 'pages/plan/PlanInfo.html?id=19', '2026-05-20 11:00:00'),
(8, 20, 1, 'pages/plan/PlanInfo.html?id=20', '2026-05-19 13:00:00'),
(9, 21, 1, 'pages/plan/PlanInfo.html?id=21', '2026-05-18 14:00:00'),
(10, 22, 1, 'pages/plan/PlanInfo.html?id=22', '2026-05-17 15:00:00'),
(11, 23, 1, 'pages/plan/PlanInfo.html?id=23', '2026-05-16 16:00:00'),
(12, 24, 1, 'pages/plan/PlanInfo.html?id=24', '2026-05-15 17:00:00'),
(13, 25, 1, 'pages/plan/PlanInfo.html?id=25', '2026-05-14 18:00:00'),
(14, 26, 1, 'pages/plan/PlanInfo.html?id=26', '2026-05-13 19:00:00'),
(15, 27, 1, 'pages/plan/PlanInfo.html?id=27', '2026-05-12 20:00:00'),
(16, 28, 1, 'pages/plan/PlanInfo.html?id=28', '2026-05-11 21:00:00'),
(17, 29, 1, 'pages/plan/PlanInfo.html?id=29', '2026-05-10 22:00:00'),
(18, 30, 1, 'pages/plan/PlanInfo.html?id=30', '2026-05-09 23:00:00');
