-- 1. 运动项目数据已存在

-- 2. 用户数据
INSERT INTO user (userPassword, userType) VALUES
('123456', 1),
('123456', 1),
('123456', 1),
('123456', 1),
('123456', 1),
('123456', 1),
('123456', 2);

-- 3. 普通用户数据
INSERT INTO ordinary_user (userID, userName, phoneNumber, userMailbox, gender, birthday, registerTime, age, weight) VALUES
(1, '健身达人', '13800138001', 'fitness@example.com', '男', '1990-01-15 00:00:00', '2026-05-10 10:00:00', 36, 75.5),
(2, '运动爱好者', '13800138002', 'sports@example.com', '女', '1995-05-20 00:00:00', '2026-05-12 14:30:00', 31, 58.0),
(3, '跑步小王', '13800138003', 'runner@example.com', '男', '1988-11-08 00:00:00', '2026-05-15 09:15:00', 38, 70.0),
(4, '健康生活', '13800138004', 'health@example.com', '女', '1992-08-25 00:00:00', '2026-05-18 16:45:00', 34, 62.0),
(5, '瑜伽教练', '13800138005', 'yoga@example.com', '女', '1987-03-12 00:00:00', '2026-05-20 11:00:00', 39, 55.0),
(6, '力量训练', '13800138006', 'strength@example.com', '男', '1993-09-05 00:00:00', '2026-05-22 08:30:00', 33, 80.0);

-- 4. 管理员数据
INSERT INTO administrator (userID, userName, phoneNumber) VALUES
(7, '管理员', '13800138000');

-- 5. 训练计划数据（添加 sportType 和 detail 字段）
INSERT INTO training_plan (planName, userID, planType, startTime, endTime, sportName, detail, exerciseAmount, percentage) VALUES
('减脂训练计划', 1, 11, '2026-05-01 00:00:00', '2026-06-20 00:00:00','减脂运动', '每周5天训练，包含有氧运动和力量训练，每次45分钟，循序渐进提升强度。建议配合低热量饮食效果更佳。', 45, 73.3),
('增肌训练计划', 1, 22, '2026-03-01 00:00:00', '2026-05-20 00:00:00','增肌运动', '胸、背、腿、肩、手臂分化训练，每组3-4组，每组8-12次。训练后30分钟内补充蛋白质。', 60, 100),
('跑步训练计划', 3, 11, '2026-05-15 00:00:00', '2026-06-12 00:00:00','减脂运动', 
'从3公里开始，每周增加1公里，目标10公里轻松跑。建议每天早晨进行，注意热身。', 30, 53.3),
('瑜伽放松计划', 2, 11, '2026-05-20 00:00:00', '2026-06-20 00:00:00','康复运动', 
'每日晨起瑜伽30分钟，包含呼吸练习和拉伸动作。有助于改善睡眠质量和缓解压力。', 30, 20),
('游泳训练计划', 4, 01, '2026-05-25 00:00:00', '2026-06-22 00:00:00','减脂运动', 
'每周3次游泳训练，每次40分钟，锻炼全身肌肉。注意保持正确的呼吸节奏。', 40, 0),
('HIIT燃脂计划', 6, 11, '2026-05-23 00:00:00', '2026-06-23 00:00:00','减脂运动', 
'高强度间歇训练，20分钟燃脂效果相当于1小时慢跑。适合时间紧张的上班族。', 20, 10),
('普拉提塑形计划', 5, 11, '2026-05-18 00:00:00', '2026-06-18 00:00:00','康复运动', 
'专注核心力量训练，改善体态，塑造完美身材。建议配合均衡饮食。', 35, 40),
('登山徒步计划', 3, 01, '2026-06-01 00:00:00', '2026-07-01 00:00:00','其他运动', 
'周末登山徒步，每次2小时，增强心肺功能。注意穿戴合适的登山装备。', 120, 0),
('舞蹈减脂计划', 2, 01, '2026-05-24 00:00:00', '2026-06-24 00:00:00','减脂运动', 
'每周4次舞蹈训练，快乐减脂，提升协调性。适合喜欢音乐和舞蹈的朋友。', 45, 0),
('综合训练计划', 6, 11, '2026-05-10 00:00:00', '2026-06-10 00:00:00','其他运动', 
'力量+有氧+柔韧性综合训练，全面提升身体素质。适合有一定运动基础的爱好者。', 50, 80);

-- 6. 帖子数据
INSERT INTO post (authorID, title, content, publishTime, auditState) VALUES
(1, '分享我的健身打卡第一天', '今天开始我的健身之旅！第一天做了30分钟有氧运动和20分钟力量训练，感觉还不错。希望能够坚持下去，大家一起加油！💪', '2026-05-23 10:30:00', 1),
(2, '一周训练计划分享', '分享一下我的一周训练计划：周一胸肩、周二背、周三腿、周四休息、周五手臂、周六有氧、周日休息。大家觉得怎么样？', '2026-05-22 15:45:00', 1),
(3, '跑步打卡第100天！', '今天是我跑步打卡的第100天！从最初的3公里气喘吁吁，到现在轻松跑完10公里，感谢自己的坚持。希望更多人加入跑步的行列！', '2026-05-21 08:00:00', 1),
(4, '减脂期间的饮食分享', '减脂期间的饮食真的很重要！分享我的减脂餐搭配：早餐鸡蛋+燕麦，午餐鸡胸肉+糙米+蔬菜，晚餐鱼虾+沙拉。少油少盐，坚持就是胜利！', '2026-05-20 20:30:00', 1),
(1, '如何正确做俯卧撑', '很多人做俯卧撑姿势不正确，容易伤肩。正确做法是：身体成一条直线，核心收紧，肘部向45度方向打开，下降时胸部接近地面。新手可以从跪姿俯卧撑开始。', '2026-05-19 14:00:00', 1),
(5, '瑜伽呼吸法入门', '分享几个常用的瑜伽呼吸法：腹式呼吸、胸式呼吸、完全呼吸。正确的呼吸能帮助放松身心，提升练习效果。每天练习5分钟，感受身心变化。', '2026-05-18 09:00:00', 1),
(6, '增肌饮食心得', '增肌期间如何吃？蛋白质摄入很重要，每餐保证有足量的优质蛋白，配合碳水化合物提供能量，训练后30分钟内是补充营养的黄金时间。', '2026-05-17 16:30:00', 1),
(3, '跑鞋选购指南', '选跑鞋要看足弓类型：高足弓选缓冲型，扁平足选支撑型。试穿时最好下午去，因为脚下午会略微肿胀，试穿时穿运动袜，留一个手指的空间。', '2026-05-16 11:00:00', 1),
(2, '居家健身必备器材', '分享几款居家健身必备器材：瑜伽垫、弹力带、哑铃、瑜伽球、跳绳。这些器材小巧便携，适合在家进行各种训练。', '2026-05-15 20:00:00', 1),
(4, '运动后拉伸的重要性', '运动后拉伸能帮助放松肌肉，减少酸痛，预防受伤。每个动作保持20-30秒，深呼吸配合。分享几个常用的拉伸动作：腿部、背部、肩部拉伸。', '2026-05-14 15:00:00', 1);

-- 7. 评论数据（使用 publishTime 字段）
INSERT INTO comment (postID, userID, content, publishTime) VALUES
(1, 2, '加油！坚持就是胜利，我也刚开始健身，一起努力！', '2026-05-23 11:00:00'),
(1, 3, '恭喜开启健身之旅，记得做好热身和拉伸', '2026-05-23 11:30:00'),
(2, 4, '这个计划很合理，我也参考一下', '2026-05-22 16:20:00'),
(3, 1, '太厉害了！100天坚持下来很不容易', '2026-05-21 09:00:00'),
(3, 2, '向你学习，我也要开始跑步', '2026-05-21 09:30:00'),
(4, 1, '饮食确实很重要，三分练七分吃', '2026-05-20 21:00:00'),
(5, 3, '学到了，之前姿势一直不对', '2026-05-19 15:00:00'),
(5, 2, '呼吸法确实很重要，感谢分享！', '2026-05-18 10:00:00'),
(6, 1, '蛋白质摄入多少合适呢？', '2026-05-17 17:00:00'),
(6, 4, '一般是体重的1.2-2.0克/公斤', '2026-05-17 17:30:00'),
(7, 3, '我穿亚瑟士，感觉不错', '2026-05-16 12:00:00'),
(8, 5, '弹力带真的很实用！', '2026-05-15 21:00:00'),
(9, 1, '拉伸确实很重要，以前经常忽略', '2026-05-14 16:00:00'),
(2, 6, '手臂训练日可以加一些三头肌训练', '2026-05-22 17:00:00'),
(4, 5, '推荐水煮西兰花，热量低营养高', '2026-05-20 21:30:00');

-- 8. 运动记录数据
INSERT INTO exercise_record (userID, sportsDate, eventID, startTime, endTime, exerciseDuration, exerciseAmount, calorie, recordType) VALUES
(1, '2026-05-23', 1, '2026-05-23 06:00:00', '2026-05-23 06:30:00', 30, 5.0, 240.0, 1),
(1, '2026-05-22', 1, '2026-05-22 06:00:00', '2026-05-22 06:45:00', 45, 6.5, 360.0, 1),
(1, '2026-05-21', 4, '2026-05-21 18:00:00', '2026-05-21 19:00:00', 60, 60.0, 300.0, 1),
(2, '2026-05-23', 5, '2026-05-23 08:00:00', '2026-05-23 08:30:00', 30, 30.0, 90.0, 1),
(2, '2026-05-21', 6, '2026-05-21 16:00:00', '2026-05-21 17:30:00', 90, 90.0, 540.0, 1),
(3, '2026-05-23', 1, '2026-05-23 05:30:00', '2026-05-23 06:30:00', 60, 10.0, 480.0, 1),
(3, '2026-05-22', 1, '2026-05-22 05:30:00', '2026-05-22 06:20:00', 50, 8.0, 400.0, 1),
(4, '2026-05-23', 2, '2026-05-23 07:00:00', '2026-05-23 07:40:00', 40, 1.5, 400.0, 1),
(4, '2026-05-21', 3, '2026-05-21 17:00:00', '2026-05-21 18:00:00', 60, 15.0, 390.0, 1),
(1, '2026-05-20', 1, '2026-05-20 06:00:00', '2026-05-20 06:30:00', 30, 5.0, 240.0, 1),
(5, '2026-05-23', 5, '2026-05-23 06:30:00', '2026-05-23 07:15:00', 45, 45.0, 135.0, 1),
(5, '2026-05-22', 5, '2026-05-22 06:30:00', '2026-05-22 07:00:00', 30, 30.0, 90.0, 1),
(6, '2026-05-23', 4, '2026-05-23 18:00:00', '2026-05-23 19:00:00', 60, 60.0, 300.0, 1),
(6, '2026-05-21', 11, '2026-05-21 18:00:00', '2026-05-21 18:20:00', 20, 20.0, 300.0, 1),
(2, '2026-05-20', 14, '2026-05-20 19:00:00', '2026-05-20 19:45:00', 45, 45.0, 225.0, 1),
(3, '2026-05-20', 13, '2026-05-20 08:00:00', '2026-05-20 10:00:00', 120, 5.0, 420.0, 1),
(4, '2026-05-22', 2, '2026-05-22 07:00:00', '2026-05-22 07:40:00', 40, 1.5, 400.0, 1),
(1, '2026-05-19', 4, '2026-05-19 18:00:00', '2026-05-19 19:00:00', 60, 60.0, 300.0, 1),
(5, '2026-05-21', 12, '2026-05-21 06:30:00', '2026-05-21 07:05:00', 35, 35.0, 140.0, 1),
(6, '2026-05-20', 4, '2026-05-20 18:00:00', '2026-05-20 19:00:00', 60, 60.0, 300.0, 1);

-- 9. 收藏数据
INSERT INTO favorite (userID, targetID, targetType, linkUrl, favoriteTime) VALUES
(2, 1, 2, 'pages/post/DisplayPost.html?id=1', '2026-05-23 12:00:00'),
(2, 3, 2, 'pages/post/DisplayPost.html?id=3', '2026-05-21 10:00:00'),
(3, 1, 2, 'pages/post/DisplayPost.html?id=1', '2026-05-23 11:30:00'),
(4, 4, 2, 'pages/post/DisplayPost.html?id=4', '2026-05-20 22:00:00'),
(1, 2, 2, 'pages/post/DisplayPost.html?id=2', '2026-05-22 16:00:00'),
(5, 5, 2, 'pages/post/DisplayPost.html?id=5', '2026-05-19 10:00:00'),
(6, 6, 2, 'pages/post/DisplayPost.html?id=6', '2026-05-17 17:00:00'),
(3, 7, 2, 'pages/post/DisplayPost.html?id=7', '2026-05-16 12:00:00'),
(2, 8, 2, 'pages/post/DisplayPost.html?id=8', '2026-05-15 21:00:00'),
(4, 9, 2, 'pages/post/DisplayPost.html?id=9', '2026-05-14 16:00:00'),
(1, 1, 1, 'pages/plan/PlanInfo.html?id=1', '2026-05-23 13:00:00'),
(3, 3, 1, 'pages/plan/PlanInfo.html?id=3', '2026-05-20 09:00:00'),
(5, 7, 1, 'pages/plan/PlanInfo.html?id=7', '2026-05-18 07:00:00');